{
  "v7": {
    "mode": "v7",
    "avg_return": 191.32515675907186,
    "avg_pnl": 1579.4894775397704,
    "std_return": 145.50323107200308,
    "sharpe": 1.3149203309745991,
    "win_rate": 97.12230215827337,
    "total_trades": 973
  },
  "v8": {
    "mode": "v8",
    "avg_return": 210.1625555074706,
    "avg_pnl": 1732.8381523031892,
    "std_return": 153.27215327395464,
    "sharpe": 1.3711724603479116,
    "win_rate": 97.35849056603773,
    "total_trades": 1060
  },
  "agree": {
    "mode": "agree",
    "avg_return": 207.08693763229067,
    "avg_pnl": 1744.828290602809,
    "std_return": 163.151934140395,
    "sharpe": 1.2692888915070344,
    "win_rate": 97.98087141339002,
    "total_trades": 941
  },
  "v8_lead": {
    "mode": "v8_lead",
    "avg_return": 207.08693763229067,
    "avg_pnl": 1744.828290602809,
    "std_return": 163.151934140395,
    "sharpe": 1.2692888915070344,
    "win_rate": 97.98087141339002,
    "total_trades": 941
  }
}