{
  "avg_capital": 1957.011657062584,
  "avg_pnl": 767.1881567403085,
  "win_rate": 91.03641456582633,
  "total_trades": 357,
  "std_capital": 619.0052529159664,
  "min_capital": 1132.6050400093106,
  "max_capital": 3805.18148042953
}