{
  "avg_capital": 1923.690430914099,
  "avg_pnl": 730.9020633491724,
  "win_rate": 91.36490250696379,
  "total_trades": 359,
  "std_capital": 649.7960056757588,
  "min_capital": 1078.253821889179,
  "max_capital": 4629.477007618672
}