{
  "avg_capital": 1971.4838253048501,
  "avg_pnl": 770.3285113586245,
  "win_rate": 91.2928759894459,
  "total_trades": 379,
  "std_capital": 736.5323635295744,
  "min_capital": 1132.6050400093106,
  "max_capital": 5067.607000465039
}